{
  "Link Color": {
    "Red Component": 0,
    "Color Space": "sRGB",
    "Blue Component": 0.78431372549019607,
    "Alpha Component": 1,
    "Green Component": 0.47058823529411764
  },
  "Tags": [],
  "Ansi 12 Color": {
    "Green Component": 0.32156862745098042,
    "Red Component": 0.48627450980392156,
    "Blue Component": 0.73333333333333328
  },
  "Use Non-ASCII Font": true,
  "Draw Powerline Glyphs": true,
  "Bold Color": {
    "Green Component": 0.16470588235294117,
    "Red Component": 0.15686274509803921,
    "Blue Component": 0.21176470588235294
  },
  "Ansi 7 Color": {
    "Green Component": 0.74901960784313726,
    "Red Component": 0.74901960784313726,
    "Blue Component": 0.74901960784313726
  },
  "Ansi 8 Color": {
    "Green Component": 0.44705882352941173,
    "Red Component": 0.38431372549019605,
    "Blue Component": 0.64313725490196083
  },
  "Ansi 9 Color": {
    "Green Component": 0.43137254901960786,
    "Red Component": 1,
    "Blue Component": 0.43137254901960786
  },
  "Rows": 25,
  "Default Bookmark": "No",
  "Ansi 6 Color": {
    "Green Component": 0.56470588235294117,
    "Red Component": 0,
    "Blue Component": 0.65882352941176470
  },
  "Transparency": 0,
  "Cursor Guide Color": {
    "Red Component": 0.74117647058823533,
    "Color Space": "sRGB",
    "Blue Component": 0.97647058823529409,
    "Alpha Component": 0.25,
    "Green Component": 0.57647058823529407
  },
  "Non-ASCII Anti Aliased": true,
  "Use Bright Bold": true,
  "Ansi 10 Color": {
    "Green Component": 0.60784313725490191,
    "Red Component": 0.11764705882352941,
    "Blue Component": 0.27843137254901962
  },
  "Use Cursor Guide": false,
  "Ambiguous Double Width": false,
  "Jobs to Ignore": ["rlogin", "ssh", "slogin", "telnet"],
  "Ansi 15 Color": {
    "Green Component": 1,
    "Red Component": 1,
    "Blue Component": 1
  },
  "Foreground Color": {
    "Green Component": 0.16470588235294117,
    "Red Component": 0.15686274509803921,
    "Blue Component": 0.21176470588235294
  },
  "Working Directory": "",
  "Blinking Cursor": true,
  "Disable Window Resizing": true,
  "Sync Title": false,
  "Prompt Before Closing 2": false,
  "BM Growl": true,
  "Command": "",
  "Description": "Default",
  "Smart Cursor Color": true,
  "Mouse Reporting": true,
  "Screen": -1,
  "Selection Color": {
    "Green Component": 0.81176470588235294,
    "Red Component": 0.83137254901960789,
    "Blue Component": 0.93333333333333335
  },
  "Columns": 80,
  "Idle Code": 0,
  "Ansi 13 Color": {
    "Green Component": 0.37254901960784315,
    "Red Component": 0.85098039215686272,
    "Blue Component": 0.62745098039215685
  },
  "Brighten Bold Text": true,
  "Custom Command": "No",
  "ASCII Anti Aliased": true,
  "Non Ascii Font": "HackNFM-Regular 12",
  "Vertical Spacing": 1.1499999999999999,
  "Use Bold Font": true,
  "Option Key Sends": 2,
  "Selected Text Color": {
    "Green Component": 0.16470588235294117,
    "Red Component": 0.15686274509803921,
    "Blue Component": 0.21176470588235294
  },
  "Background Color": {
    "Green Component": 0.97254901960784312,
    "Red Component": 0.97254901960784312,
    "Blue Component": 0.94901960784313721
  },
  "Character Encoding": 4,
  "Ansi 11 Color": {
    "Green Component": 0.50980392156862742,
    "Red Component": 0.54901960784313720,
    "Blue Component": 0
  },
  "Use Italic Font": true,
  "Unlimited Scrollback": true,
  "Keyboard Map": {
    "0xf700-0x260000": {
      "Action": 10,
      "Text": "[1;6A"
    },
    "0x37-0x40000": {
      "Action": 11,
      "Text": "0x1f"
    },
    "0x32-0x40000": {
      "Action": 11,
      "Text": "0x00"
    },
    "0xf709-0x20000": {
      "Action": 10,
      "Text": "[17;2~"
    },
    "0xf70c-0x20000": {
      "Action": 10,
      "Text": "[20;2~"
    },
    "0xf729-0x20000": {
      "Action": 10,
      "Text": "[1;2H"
    },
    "0xf72b-0x40000": {
      "Action": 10,
      "Text": "[1;5F"
    },
    "0xf705-0x20000": {
      "Action": 10,
      "Text": "[1;2Q"
    },
    "0xf703-0x260000": {
      "Action": 10,
      "Text": "[1;6C"
    },
    "0xf700-0x220000": {
      "Action": 10,
      "Text": "[1;2A"
    },
    "0xf701-0x280000": {
      "Action": 11,
      "Text": "0x1b 0x1b 0x5b 0x42"
    },
    "0x38-0x40000": {
      "Action": 11,
      "Text": "0x7f"
    },
    "0x33-0x40000": {
      "Action": 11,
      "Text": "0x1b"
    },
    "0xf703-0x220000": {
      "Action": 10,
      "Text": "[1;2C"
    },
    "0xf701-0x240000": {
      "Action": 10,
      "Text": "[1;5B"
    },
    "0xf70d-0x20000": {
      "Action": 10,
      "Text": "[21;2~"
    },
    "0xf702-0x260000": {
      "Action": 10,
      "Text": "[1;6D"
    },
    "0xf729-0x40000": {
      "Action": 10,
      "Text": "[1;5H"
    },
    "0xf706-0x20000": {
      "Action": 10,
      "Text": "[1;2R"
    },
    "0x34-0x40000": {
      "Action": 11,
      "Text": "0x1c"
    },
    "0xf700-0x280000": {
      "Action": 11,
      "Text": "0x1b 0x1b 0x5b 0x41"
    },
    "0x2d-0x40000": {
      "Action": 11,
      "Text": "0x1f"
    },
    "0xf70e-0x20000": {
      "Action": 10,
      "Text": "[23;2~"
    },
    "0xf702-0x220000": {
      "Action": 10,
      "Text": "[1;2D"
    },
    "0xf703-0x280000": {
      "Action": 10,
      "Text": "f"
    },
    "0xf700-0x240000": {
      "Action": 10,
      "Text": "[1;5A"
    },
    "0xf707-0x20000": {
      "Action": 10,
      "Text": "[1;2S"
    },
    "0xf70a-0x20000": {
      "Action": 10,
      "Text": "[18;2~"
    },
    "0x35-0x40000": {
      "Action": 11,
      "Text": "0x1d"
    },
    "0xf70f-0x20000": {
      "Action": 10,
      "Text": "[24;2~"
    },
    "0xf703-0x240000": {
      "Action": 10,
      "Text": "[1;5C"
    },
    "0xf701-0x260000": {
      "Action": 10,
      "Text": "[1;6B"
    },
    "0xf702-0x280000": {
      "Action": 10,
      "Text": "b"
    },
    "0xf72b-0x20000": {
      "Action": 10,
      "Text": "[1;2F"
    },
    "0x36-0x40000": {
      "Action": 11,
      "Text": "0x1e"
    },
    "0xf708-0x20000": {
      "Action": 10,
      "Text": "[15;2~"
    },
    "0xf701-0x220000": {
      "Action": 10,
      "Text": "[1;2B"
    },
    "0xf70b-0x20000": {
      "Action": 10,
      "Text": "[19;2~"
    },
    "0xf702-0x240000": {
      "Action": 10,
      "Text": "[1;5D"
    },
    "0xf704-0x20000": {
      "Action": 10,
      "Text": "[1;2P"
    }
  },
  "Window Type": 0,
  "Blink Allowed": false,
  "Cursor Type": 0,
  "Background Image Location": "",
  "Blur": false,
  "Badge Color": {
    "Red Component": 1,
    "Color Space": "sRGB",
    "Blue Component": 0,
    "Alpha Component": 0.5,
    "Green Component": 0.14910030364990234
  },
  "Scrollback Lines": 0,
  "Send Code When Idle": false,
  "Close Sessions On End": true,
  "Terminal Type": "xterm-256color",
  "Visual Bell": true,
  "Flashing Bell": false,
  "Silence Bell": false,
  "Ansi 14 Color": {
    "Green Component": 0.65882352941176470,
    "Red Component": 0,
    "Blue Component": 0.75294117647058822
  },
  "Unicode Version": 9,
  "ASCII Ligatures": false,
  "Name": "Light",
  "Cursor Text Color": {
    "Green Component": 0.97254901960784312,
    "Red Component": 0.97254901960784312,
    "Blue Component": 0.94901960784313721
  },
  "Minimum Contrast": 0,
  "Shortcut": "",
  "Triggers": [],
  "Cursor Color": {
    "Green Component": 0.57647058823529407,
    "Red Component": 0.74117647058823533,
    "Blue Component": 0.97647058823529409
  },
  "Ansi 1 Color": {
    "Green Component": 0.33333333333333331,
    "Red Component": 1,
    "Blue Component": 0.33333333333333331
  },
  "Ansi 2 Color": {
    "Green Component": 0.54901960784313720,
    "Red Component": 0.10196078431372549,
    "Blue Component": 0.24313725490196078
  },
  "Ansi 0 Color": {
    "Green Component": 0.13333333333333333,
    "Red Component": 0.12941176470588237,
    "Blue Component": 0.17254901960784313
  },
  "Ansi 4 Color": {
    "Green Component": 0.24705882352941178,
    "Red Component": 0.41960784313725491,